Water Polo Men's Water Polo,Water Polo
Shooting Women's Trap,Shooting
Rowing Men's Double Sculls,Rowing
Athletics Men's Javelin Throw,Athletics
"Shooting Men's Trap, Single Shot, 16 metres",Shooting
"Wrestling Men's Featherweight, Freestyle",Wrestling
"Wrestling Men's Middleweight, Freestyle",Wrestling
"Canoeing Women's Kayak Doubles, 500 metres",Canoeing
Biathlon Women's 7.5 kilometres Sprint,Biathlon
Cycling Men's 1/2 mile,Cycling
"Art Competitions Mixed Architecture, Architectural Designs",Art Competitions
"Athletics Men's 5,000 metres",Athletics
Freestyle Skiing Women's Moguls,Freestyle Skiing
"Archery Men's Au Cordon Dore, 33 metres",Archery
Weightlifting Women's Lightweight,Weightlifting
Shooting Men's Trap,Shooting
Table Tennis Men's Team,Table Tennis
Shooting Women's Double Trap,Shooting
Cross Country Skiing Men's 10/15 kilometres Pursuit,Cross Country Skiing
Taekwondo Men's Welterweight,Taekwondo
Sailing Mixed 12 metres,Sailing
Weightlifting Men's Lightweight,Weightlifting
Rowing Men's Lightweight Coxless Fours,Rowing
"Athletics Women's 3,000 metres",Athletics
Rhythmic Gymnastics Women's Group,Rhythmic Gymnastics
Cross Country Skiing Women's Sprint,Cross Country Skiing
Equestrianism Mixed High Jump,Equestrianism
"Shooting Men's Small-Bore Rifle, Any Position, 50 metres",Shooting
Snowboarding Men's Giant Slalom,Snowboarding
Taekwondo Men's Heavyweight,Taekwondo
Cycling Men's 1/3 mile,Cycling
Rowing Men's 17-Man Naval Rowing Boats,Rowing
"Fencing Men's epee, Masters, Individual",Fencing
Badminton Men's Doubles,Badminton
Swimming Men's 100 metres Backstroke,Swimming
Athletics Men's Decathlon,Athletics
Motorboating Mixed B-Class (Under 60 Feet),Motorboating
"Canoeing Men's Canadian Singles, 1,000 metres",Canoeing
"Fencing Men's Foil, Individual",Fencing
Swimming Women's 4 x 200 metres Freestyle Relay,Swimming
Archery Men's Continental Style,Archery
"Shooting Men's Free Rifle, Three Positions, 300 metres, Team",Shooting
"Shooting Men's Military Pistol, 25 metres",Shooting
"Athletics Women's 3,000 metres Steeplechase",Athletics
Boxing Men's Light-Flyweight,Boxing
Cross Country Skiing Men's 30 kilometres,Cross Country Skiing
"Wrestling Men's Welterweight, Freestyle",Wrestling
"Nordic Combined Men's Normal Hill / 10 km, Individual",Nordic Combined
Athletics Women's Heptathlon,Athletics
"Canoeing Men's Canadian Singles, 500 metres",Canoeing
Swimming Men's 200 metres Freestyle,Swimming
Athletics Men's 4 x 400 metres Relay,Athletics
"Swimming Men's 1,200 metres Freestyle",Swimming
"Archery Men's Pole Archery, Small Birds, Team",Archery
"Ski Jumping Men's Large Hill, Individual",Ski Jumping
Rugby Men's Rugby,Rugby
Boxing Men's Light-Middleweight,Boxing
Athletics Men's Standing High Jump,Athletics
Athletics Men's Pentathlon (Ancient),Athletics
"Canoeing Men's Folding Kayak Doubles, 10 kilometres",Canoeing
Weightlifting Men's Bantamweight,Weightlifting
Gymnastics Men's Pommelled Horse,Gymnastics
Swimming Women's 200 metres Butterfly,Swimming
Badminton Women's Singles,Badminton
"Shooting Men's Trap, Team",Shooting
"Cycling Men's Road Race, Team",Cycling
"Fencing Men's epee, Team",Fencing
Rowing Women's Lightweight Double Sculls,Rowing
Sailing Mixed 20+ Ton,Sailing
Sailing Men's Skiff,Sailing
"Short Track Speed Skating Men's 5,000 metres Relay",Short Track Speed Skating
Snowboarding Men's Slopestyle,Snowboarding
Diving Women's Plain High,Diving
"Shooting Men's Free Pistol, 50 yards, Team",Shooting
Athletics Men's Hammer Throw,Athletics
Sailing Mixed 8 metres,Sailing
Snowboarding Women's Parallel Giant Slalom,Snowboarding
Football Men's Football,Football
"Short Track Speed Skating Women's 3,000 metres Relay",Short Track Speed Skating
Cross Country Skiing Men's Team Sprint,Cross Country Skiing
"Shooting Men's Small-Bore Rifle, Prone, 50 and 100 yards",Shooting
"Athletics Men's 4,000 metres Steeplechase",Athletics
Diving Men's Springboard,Diving
"Art Competitions Mixed Literature, Unknown Event",Art Competitions
Racquets Men's Singles,Racquets
Sailing Men's One Person Dinghy,Sailing
"Tennis Women's Singles, Covered Courts",Tennis
"Weightlifting Men's Unlimited, Two Hands",Weightlifting
Luge Women's Singles,Luge
Swimming Men's 50 metres Freestyle,Swimming
"Speed Skating Men's 1,000 metres",Speed Skating
Freestyle Skiing Women's Ski Cross,Freestyle Skiing
"Gymnastics Men's Individual All-Around, 4 Events",Gymnastics
Weightlifting Men's Super-Heavyweight,Weightlifting
Luge Men's Singles,Luge
"Wrestling Women's Lightweight, Freestyle",Wrestling
"Shooting Men's Small-Bore Rifle, Disappearing Target, 25 yards",Shooting
"Shooting Men's Military Rifle, 200, 400, 500 and 600 metres, Team",Shooting
Swimming Women's 4 x 100 metres Medley Relay,Swimming
"Archery Men's Target Archery, 50 metres, Individual",Archery
Biathlon Women's 10 kilometres Pursuit,Biathlon
Judo Women's Heavyweight,Judo
Art Competitions Mixed Architecture,Art Competitions
Archery Men's Sur La Perche a La Pyramide,Archery
Biathlon Women's 4 x 6 kilometres Relay,Biathlon
Swimming Men's 100 metres Breaststroke,Swimming
Snowboarding Women's Halfpipe,Snowboarding
Basque Pelota Men's Two-Man Teams With Cesta,Basque Pelota
Archery Men's Unknown Event,Archery
"Shooting Men's Small-Bore Rifle, Disappearing Target, 25 metres",Shooting
"Art Competitions Mixed Architecture, Designs For Town Planning",Art Competitions
Art Competitions Mixed Sculpturing,Art Competitions
Diving Women's Synchronized Platform,Diving
Sailing Mixed 0.5-1 Ton,Sailing
Cycling Men's 2 mile,Cycling
Water Polo Women's Water Polo,Water Polo
"Wrestling Men's Bantamweight, Freestyle",Wrestling
Biathlon Women's 12.5 kilometres Mass Start,Biathlon
Athletics Men's 200 metres,Athletics
"Equestrianism Mixed Dressage, Individual",Equestrianism
"Athletics Men's 3,500 metres Walk",Athletics
Sailing Mixed Two Person Heavyweight Dinghy,Sailing
"Athletics Men's 1,500 metres",Athletics
"Canoeing Men's Canadian Doubles, 500 metres",Canoeing
Sailing Mixed 6 metres,Sailing
"Shooting Men's Free Rifle, Kneeling, 300 metres",Shooting
Badminton Women's Doubles,Badminton
"Fencing Women's Foil, Team",Fencing
"Shooting Men's Military Rifle, Prone, 600 metres, Team",Shooting
"Wrestling Men's Super-Heavyweight, Greco-Roman",Wrestling
Athletics Women's 20 kilometres Walk,Athletics
Athletics Women's Marathon,Athletics
Gymnastics Men's Side Horse,Gymnastics
"Croquet Mixed Singles, Two Balls",Croquet
Rowing Men's Coxed Fours,Rowing
"Shooting Men's Small-Bore Rifle, Prone, 50 metres, Team",Shooting
Athletics Men's 400 metres,Athletics
Boxing Men's Flyweight,Boxing
"Wrestling Women's Light-Heavyweight, Freestyle",Wrestling
"Archery Men's Au Chapelet, 33 metres",Archery
Boxing Men's Bantamweight,Boxing
"Athletics Women's 5,000 metres",Athletics
Gymnastics Men's Horizontal Bar,Gymnastics
"Equestrianism Mixed Jumping, Individual",Equestrianism
Freestyle Skiing Women's Halfpipe,Freestyle Skiing
"Canoeing Women's Kayak Singles, 200 metres",Canoeing
Cross Country Skiing Men's 4 x 10 kilometres Relay,Cross Country Skiing
"Fencing Men's Sabre, Individual, Three Hits",Fencing
"Croquet Mixed Singles, One Ball",Croquet
Figure Skating Mixed Pairs,Figure Skating
Cycling Men's 50 kilometres,Cycling
"Canoeing Men's Kayak Doubles, 500 metres",Canoeing
Archery Men's Championnat Du Monde,Archery
"Equestrianism Mixed Jumping, Team",Equestrianism
Judo Men's Half-Middleweight,Judo
Athletics Men's 400 metres Hurdles,Athletics
Judo Men's Heavyweight,Judo
Swimming Women's 400 metres Individual Medley,Swimming
Swimming Men's 200 metres Obstacle Course,Swimming
"Cycling Men's Mountainbike, Cross-Country",Cycling
"Wrestling Men's Flyweight, Freestyle",Wrestling
Snowboarding Men's Parallel Slalom,Snowboarding
Motorboating Mixed A-Class (Open),Motorboating
Golf Men's Team,Golf
"Art Competitions Mixed Sculpturing, Medals And Plaques",Art Competitions
"Archery Men's Au Cordon Dore, 50 metres",Archery
"Archery Men's Pole Archery, Large Birds, Individual",Archery
"Equestrianism Mixed Dressage, Team",Equestrianism
Gymnastics Women's Individual All-Around,Gymnastics
"Wrestling Men's Bantamweight, Greco-Roman",Wrestling
"Shooting Men's Running Target, Double Shot",Shooting
Alpine Skiing Women's Combined,Alpine Skiing
"Art Competitions Mixed Painting, Drawings And Water Colors",Art Competitions
Gymnastics Men's Team All-Around,Gymnastics
"Shooting Men's Small-Bore Rifle, Three Positions, 50 metres",Shooting
"Art Competitions Mixed Sculpturing, Medals And Reliefs",Art Competitions
Athletics Women's 4 x 100 metres Relay,Athletics
Sailing Women's Three Person Keelboat,Sailing
Snowboarding Men's Halfpipe,Snowboarding
Cross Country Skiing Men's 10/10 kilometres Pursuit,Cross Country Skiing
Sailing Mixed 0-0.5 Ton,Sailing
Archery Men's Sur La Perche a La Herse,Archery
"Shooting Men's Military Pistol, 30 metres",Shooting
"Ski Jumping Men's Large Hill, Team",Ski Jumping
"Equestrianism Mixed Three-Day Event, Individual",Equestrianism
"Shooting Women's Sporting Pistol, 25 metres",Shooting
Athletics Men's 60 metres,Athletics
"Wrestling Men's Light-Flyweight, Greco-Roman",Wrestling
Cycling Men's 100 kilometres Team Time Trial,Cycling
Swimming Men's Underwater Swimming,Swimming
Art Competitions Mixed Music,Art Competitions
Biathlon Women's 3 x 7.5 kilometres Relay,Biathlon
Judo Women's Extra-Lightweight,Judo
Weightlifting Men's Heavyweight I,Weightlifting
Judo Men's Middleweight,Judo
Tennis Men's Doubles,Tennis
Sailing Mixed Two Person Dinghy,Sailing
"Gymnastics Men's Individual All-Around, Apparatus Work",Gymnastics
Swimming Men's 500 metres Freestyle,Swimming
"Short Track Speed Skating Women's 1,500 metres",Short Track Speed Skating
Athletics Women's Pentathlon,Athletics
Skeleton Women's Skeleton,Skeleton
Alpine Skiing Women's Slalom,Alpine Skiing
"Athletics Men's 10,000 metres",Athletics
"Shooting Men's Free Pistol, 30 metres",Shooting
Boxing Men's Heavyweight,Boxing
Athletics Women's 100 metres Hurdles,Athletics
Cycling Men's 333 metres Time Trial,Cycling
Figure Skating Women's Singles,Figure Skating
Rowing Men's Coxed Pairs (1 mile),Rowing
Cycling Women's Omnium,Cycling
Alpine Skiing Men's Slalom,Alpine Skiing
Alpine Skiing Women's Downhill,Alpine Skiing
Synchronized Swimming Women's Team,Synchronized Swimming
Athletics Men's Long Jump,Athletics
Jeu De Paume Men's Singles,Jeu De Paume
Archery Women's Team,Archery
Handball Women's Handball,Handball
"Fencing Women's Sabre, Team",Fencing
"Shooting Men's Free Rifle, Any Position, 300 metres",Shooting
Sailing Women's Skiff,Sailing
Cycling Men's 20 kilometres,Cycling
Athletics Women's Discus Throw,Athletics
Rowing Men's Coxed Pairs (1 kilometres),Rowing
"Athletics Women's 1,500 metres",Athletics
"Gymnastics Men's Team All-Around, Free System",Gymnastics
"Fencing Men's Sabre, Individual",Fencing
Athletics Men's 56-pound Weight Throw,Athletics
Athletics Women's Pole Vault,Athletics
"Shooting Men's Small-Bore Rifle, Disappearing Target, 25 metres, Team",Shooting
"Shooting Men's Military Rifle, 200/500/600/800/900/1,000 Yards, Team",Shooting
Sailing Women's One Person Dinghy,Sailing
Basketball Women's Basketball,Basketball
"Shooting Men's Air Pistol, 10 metres",Shooting
Biathlon Mixed 2 x 6 kilometres and 2 x 7.5 kilometres Relay,Biathlon
Triathlon Men's Olympic Distance,Triathlon
Trampolining Men's Individual,Trampolining
"Cycling Men's 10,000 metres",Cycling
"Athletics Men's 3,000 metres Steeplechase",Athletics
"Art Competitions Mixed Literature, Lyric Works",Art Competitions
Bobsleigh Men's Two,Bobsleigh
Equestrianism Mixed Long Jump,Equestrianism
"Wrestling Men's Featherweight, Greco-Roman",Wrestling
Boxing Women's Flyweight,Boxing
"Canoeing Men's Kayak Singles, 200 metres",Canoeing
Weightlifting Men's Featherweight,Weightlifting
"Nordic Combined Men's Large Hill / 10 km, Individual",Nordic Combined
Gymnastics Men's Floor Exercise,Gymnastics
Cycling Women's Keirin,Cycling
"Athletics Men's 3 mile, Team",Athletics
"Archery Men's Target Archery, 50 metres, Team",Archery
"Fencing Women's epee, Individual",Fencing
"Gymnastics Men's Individual All-Around, 5 Events",Gymnastics
Cross Country Skiing Women's 5/10 kilometres Pursuit,Cross Country Skiing
Hockey Men's Hockey,Hockey
Motorboating Mixed C-Class,Motorboating
Shooting Men's Dueling Pistol Au Vise 20 metres,Shooting
"Tennis Mixed Doubles, Covered Courts",Tennis
"Equestrianism Men's Jumping, Team",Equestrianism
Athletics Women's 200 metres,Athletics
Shooting Mixed Skeet,Shooting
"Equestrianism Men's Dressage, Individual",Equestrianism
"Shooting Men's Running Target, Double Shot, Team",Shooting
Bobsleigh Men's Four/Five,Bobsleigh
Sailing Mixed Three Person Keelboat,Sailing
Gymnastics Women's Horse Vault,Gymnastics
Canoeing Men's Kayak Relay 4 x 500 metres,Canoeing
Gymnastics Men's Rings,Gymnastics
Swimming Women's 200 metres Freestyle,Swimming
"Shooting Men's Free Rifle, Standing, 300 metres",Shooting
"Canoeing Men's Canadian Doubles, 1,000 metres",Canoeing
"Athletics Men's Javelin Throw, Both Hands",Athletics
"Swimming Men's 1,000 metres Freestyle",Swimming
"Shooting Men's Military Pistol, Team",Shooting
"Canoeing Men's Canadian Doubles, Slalom",Canoeing
Cross Country Skiing Men's 30 km Skiathlon,Cross Country Skiing
Rowing Women's Coxless Pairs,Rowing
Sailing Men's Windsurfer,Sailing
"Shooting Women's Air Rifle, 10 metres",Shooting
"Short Track Speed Skating Women's 1,000 metres",Short Track Speed Skating
Equestrianism Mixed Hacks And Hunter Combined,Equestrianism
Shooting Women's Skeet,Shooting
"Fencing Men's Sabre, Team",Fencing
Cross Country Skiing Women's 5 kilometres,Cross Country Skiing
Badminton Mixed Doubles,Badminton
Athletics Women's 400 metres,Athletics
Rowing Women's Single Sculls,Rowing
Rowing Men's Lightweight Double Sculls,Rowing
Swimming Men's 4 x 100 metres Freestyle Relay,Swimming
Rugby Sevens Women's Rugby Sevens,Rugby Sevens
Sailing Mixed Skiff,Sailing
Boxing Men's Lightweight,Boxing
Swimming Men's 4 x 200 metres Freestyle Relay,Swimming
"Athletics Men's Shot Put, Both Hands",Athletics
"Archery Men's Target Archery, 28 metres, Individual",Archery
Croquet Mixed Doubles,Croquet
Weightlifting Men's All-Around Dumbbell Contest,Weightlifting
Swimming Men's 10 kilometres Open Water,Swimming
Athletics Women's Long Jump,Athletics
Cycling Women's Sprint,Cycling
Sailing Mixed 7 metres,Sailing
Sailing Mixed 5.5 metres,Sailing
"Canoeing Men's Kayak Doubles, 1,000 metres",Canoeing
Sailing Mixed 12 foot,Sailing
Rowing Men's Coxed Pairs,Rowing
Military Ski Patrol Men's Military Ski Patrol,Military Ski Patrol
Cycling Men's Omnium,Cycling
Judo Women's Lightweight,Judo
Swimming Men's 220 yard Freestyle,Swimming
"Rowing Men's Coxed Fours, Outriggers",Rowing
Cycling Men's 25 mile,Cycling
Athletics Men's 20 kilometres Walk,Athletics
Biathlon Men's 10 kilometres Sprint,Biathlon
Boxing Women's Middleweight,Boxing
Athletics Men's 4 x 100 metres Relay,Athletics
Rowing Women's Coxed Eights,Rowing
Weightlifting Women's Featherweight,Weightlifting
"Wrestling Men's Lightweight, Freestyle",Wrestling
"Gymnastics Men's Parallel Bars, Teams",Gymnastics
"Speed Skating Men's 10,000 metres",Speed Skating
"Fencing Women's Foil, Individual",Fencing
Handball Men's Handball,Handball
Cross Country Skiing Women's 4 x 5 kilometres Relay,Cross Country Skiing
"Shooting Men's Free Rifle, Three Positions, 300 metres",Shooting
Snowboarding Men's Boardercross,Snowboarding
"Shooting Mixed Free Rifle, Three Positions, 300 metres",Shooting
Rowing Women's Coxless Fours,Rowing
Swimming Men's 400 metres Individual Medley,Swimming
Skeleton Men's Skeleton,Skeleton
Sailing Mixed 3-10 Ton,Sailing
"Shooting Men's Free Rifle, 400, 600 and 800 metres, Team",Shooting
"Art Competitions Mixed Painting, Unknown Event",Art Competitions
"Fencing Men's epee, Masters and Amateurs, Individual",Fencing
Speed Skating Women's Team Pursuit (6 laps),Speed Skating
"Cycling Men's Road Race, Individual",Cycling
"Wrestling Men's Light-Flyweight, Freestyle",Wrestling
Cycling Women's 500 metres Time Trial,Cycling
Athletics Men's 100 metres,Athletics
Figure Skating Mixed Team,Figure Skating
"Wrestling Men's Light-Heavyweight, Freestyle",Wrestling
Table Tennis Women's Team,Table Tennis
Swimming Men's Plunge For Distance,Swimming
"Canoeing Men's Kayak Singles, 1,000 metres",Canoeing
Sailing Mixed Windsurfer,Sailing
Gymnastics Women's Team Portable Apparatus,Gymnastics
Cycling Women's BMX,Cycling
Gymnastics Women's Team All-Around,Gymnastics
Alpine Skiing Men's Downhill,Alpine Skiing
"Shooting Men's Military Revolver, 1873-1874 Gras Model, 20 metres",Shooting
Cross Country Skiing Men's 10 kilometres,Cross Country Skiing
Alpinism Mixed Alpinism,Alpinism
"Shooting Mixed Running Target, 50 metres",Shooting
Swimming Men's 200 metres Breaststroke,Swimming
"Art Competitions Mixed Sculpturing, Reliefs",Art Competitions
Sailing Mixed 30 metres,Sailing
Swimming Women's 400 metres Freestyle,Swimming
"Athletics Men's 3,000 metres, Team",Athletics
Synchronized Swimming Women's Solo,Synchronized Swimming
Bobsleigh Men's Four,Bobsleigh
Swimming Men's 50 yard Freestyle,Swimming
"Canoeing Women's Kayak Singles, Slalom",Canoeing
Nordic Combined Men's Individual,Nordic Combined
"Shooting Men's Small-Bore Rifle, 50 and 100 yards, Team",Shooting
"Shooting Men's Military Rifle, Kneeling Or Standing, 300 metres",Shooting
Taekwondo Women's Flyweight,Taekwondo
Biathlon Men's 4 x 7.5 kilometres Relay,Biathlon
Athletics Men's Standing Long Jump,Athletics
Swimming Women's 800 metres Freestyle,Swimming
"Swimming Men's 1,500 metres Freestyle",Swimming
"Athletics Men's 3,000 metres Walk",Athletics
Snowboarding Men's Parallel Giant Slalom,Snowboarding
Athletics Men's Pentathlon,Athletics
"Gymnastics Men's Horizontal Bar, Teams",Gymnastics
"Cycling Men's Individual Pursuit, 4,000 metres",Cycling
Shooting Men's Unknown Event,Shooting
Swimming Women's 200 metres Breaststroke,Swimming
"Athletics Men's 5,000 metres, Team",Athletics
Rowing Women's Coxed Fours,Rowing
"Equestrianism Mixed Three-Day Event, Team",Equestrianism
"Fencing Men's Sabre, Masters, Individual",Fencing
"Athletics Men's 2,590 metres Steeplechase",Athletics
"Equestrianism Men's Jumping, Individual",Equestrianism
Diving Men's Synchronized Platform,Diving
Diving Women's Platform,Diving
Luge Mixed (Men)'s Doubles,Luge
Swimming Men's 200 metres Individual Medley,Swimming
"Canoeing Men's Kayak Doubles, 10,000 metres",Canoeing
Alpine Skiing Women's Super G,Alpine Skiing
"Fencing Men's epee, Individual",Fencing
Boxing Women's Lightweight,Boxing
Diving Men's Platform,Diving
Weightlifting Men's Middle-Heavyweight,Weightlifting
Swimming Men's 200 metres Butterfly,Swimming
Speed Skating Women's 500 metres,Speed Skating
"Cycling Men's Team Pursuit, 1,980 yards",Cycling
"Shooting Men's Free Pistol, 25 metres",Shooting
"Short Track Speed Skating Men's 1,000 metres",Short Track Speed Skating
Bobsleigh Women's Two,Bobsleigh
Cross Country Skiing Women's 20 kilometres,Cross Country Skiing
Athletics Women's 400 metres Hurdles,Athletics
"Shooting Men's Running Target, 50 metres",Shooting
Rugby Sevens Men's Rugby Sevens,Rugby Sevens
Gymnastics Women's Uneven Bars,Gymnastics
Athletics Men's Marathon,Athletics
Swimming Men's 100 Yard Backstroke,Swimming
"Art Competitions Mixed Music, Compositions For Orchestra",Art Competitions
Gymnastics Men's Club Swinging,Gymnastics
"Speed Skating Women's 1,000 metres",Speed Skating
Gymnastics Men's Individual All-Around,Gymnastics
"Shooting Men's Military Rifle, Any Position, 600 metres",Shooting
"Shooting Men's Free Pistol, 50 metres",Shooting
"Wrestling Women's Middleweight, Freestyle",Wrestling
Tennis Women's Singles,Tennis
"Speed Skating Men's 1,500 metres",Speed Skating
Sailing Mixed 2-3 Ton,Sailing
"Speed Skating Women's 3,000 metres",Speed Skating
"Canoeing Men's Folding Kayak Singles, 10 kilometres",Canoeing
"Canoeing Men's Kayak Singles, Slalom",Canoeing
Rowing Men's Coxed Eights,Rowing
Art Competitions Mixed Unknown Event,Art Competitions
Short Track Speed Skating Women's 500 metres,Short Track Speed Skating
Swimming Men's 4 x 250 metres Freestyle Relay,Swimming
Biathlon Women's 15 kilometres,Biathlon
Swimming Women's 200 metres Backstroke,Swimming
"Cycling Men's Tandem Sprint, 2,000 metres",Cycling
"Gymnastics Men's Individual All-Around, Field Sports",Gymnastics
"Shooting Men's Dueling Pistol, 30 metres, Team",Shooting
"Shooting Men's Military Rifle, Standing, 300 metres, Team",Shooting
Judo Women's Middleweight,Judo
Archery Men's Double American Round,Archery
"Shooting Men's Small Bore-Rifle, Standing, 50 metres, Team",Shooting
Boxing Men's Featherweight,Boxing
Athletics Men's 800 metres,Athletics
Weightlifting Men's Flyweight,Weightlifting
Triathlon Women's Olympic Distance,Triathlon
"Shooting Mixed Small-Bore Rifle, Three Positions, 50 metres",Shooting
Diving Women's Springboard,Diving
Cycling Men's 1 mile,Cycling
"Archery Men's Target Archery, 33 metres, Individual",Archery
Athletics Men's All-Around Championship,Athletics
Swimming Men's 200 metres Backstroke,Swimming
"Cycling Men's 1,000 metres Time Trial",Cycling
Judo Men's Half-Lightweight,Judo
Boxing Men's Middleweight,Boxing
Baseball Men's Baseball,Baseball
Rowing Men's Quadruple Sculls,Rowing
Nordic Combined Men's Sprint,Nordic Combined
"Equestrianism Men's Three-Day Event, Team",Equestrianism
"Cycling Women's Individual Pursuit, 3,000 metres",Cycling
Rowing Women's Quadruple Sculls,Rowing
Weightlifting Women's Flyweight,Weightlifting
Swimming Men's 440 yard Freestyle,Swimming
Swimming Men's 4 x 50 Yard Freestyle Relay,Swimming
Shooting Men's Double Trap,Shooting
Taekwondo Women's Welterweight,Taekwondo
Athletics Women's 100 metres,Athletics
Archery Women's Double National Round,Archery
"Wrestling Men's Middleweight, Greco-Roman",Wrestling
Freestyle Skiing Women's Slopestyle,Freestyle Skiing
Sailing Women's Windsurfer,Sailing
"Shooting Men's Small-Bore Rifle, Moving Target, 25 yards",Shooting
Golf Men's Individual,Golf
Cycling Men's Points Race,Cycling
Table Tennis Women's Doubles,Table Tennis
Biathlon Men's 12.5 kilometres Pursuit,Biathlon
"Athletics Men's 4 mile, Team",Athletics
"Wrestling Men's Unlimited Class, Greco-Roman",Wrestling
Rowing Men's Coxless Pairs,Rowing
Art Competitions Mixed Literature,Art Competitions
"Shooting Men's Military Rifle, Three Positions, 300 metres",Shooting
"Shooting Men's Military Rifle, Prone, 600 metres",Shooting
Athletics Women's Javelin Throw,Athletics
Freestyle Skiing Men's Aerials,Freestyle Skiing
Archery Men's Individual,Archery
Boxing Men's Super-Heavyweight,Boxing
"Gymnastics Men's Team All-Around, Swedish System",Gymnastics
"Shooting Mixed Rapid-Fire Pistol, 25 metres",Shooting
"Art Competitions Mixed Music, Vocals",Art Competitions
Weightlifting Men's Heavyweight II,Weightlifting
"Shooting Men's Running Target, Single Shot, Team",Shooting
Archery Men's Team,Archery
"Equestrianism Men's Vaulting, Team",Equestrianism
Swimming Men's 100 metres Butterfly,Swimming
Swimming Women's 300 metres Freestyle,Swimming
Taekwondo Women's Heavyweight,Taekwondo
Snowboarding Women's Boardercross,Snowboarding
Athletics Men's 50 kilometres Walk,Athletics
Volleyball Women's Volleyball,Volleyball
Sailing Women's Two Person Dinghy,Sailing
Swimming Women's 10 kilometres Open Water,Swimming
Rowing Men's Single Sculls,Rowing
"Athletics Men's Cross-Country, Individual",Athletics
"Canoeing Men's Kayak Doubles, 200 metres",Canoeing
Athletics Men's Pole Vault,Athletics
Luge Mixed Team Relay,Luge
"Shooting Men's Rapid-Fire Pistol, 25 metres",Shooting
Sailing Mixed Open,Sailing
Snowboarding Women's Parallel Slalom,Snowboarding
Table Tennis Women's Singles,Table Tennis
Shooting Men's Skeet,Shooting
"Canoeing Men's Canadian Singles, Slalom",Canoeing
"Wrestling Women's Heavyweight, Freestyle",Wrestling
Cross Country Skiing Women's 10 kilometres,Cross Country Skiing
Roque Men's Singles,Roque
"Equestrianism Men's Vaulting, Individual",Equestrianism
"Shooting Mixed Free Pistol, 50 metres",Shooting
"Shooting Women's Air Pistol, 10 metres",Shooting
Athletics Men's 10 mile Walk,Athletics
Cross Country Skiing Women's 3 x 5 kilometres Relay,Cross Country Skiing
"Athletics Men's Discus Throw, Greek Style",Athletics
"Art Competitions Mixed Music, Instrumental And Chamber",Art Competitions
Curling Men's Curling,Curling
Gymnastics Men's Tumbling,Gymnastics
Synchronized Swimming Women's Duet,Synchronized Swimming
"Wrestling Men's Super-Heavyweight, Freestyle",Wrestling
"Cycling Women's Mountainbike, Cross-Country",Cycling
Swimming Women's 50 metres Freestyle,Swimming
Figure Skating Men's Special Figures,Figure Skating
Badminton Men's Singles,Badminton
"Swimming Men's 4,000 metres Freestyle",Swimming
"Athletics Women's 10,000 metres",Athletics
"Speed Skating Women's 5,000 metres",Speed Skating
Swimming Women's 4 x 100 metres Freestyle Relay,Swimming
"Athletics Men's 3,200 metres Steeplechase",Athletics
Cross Country Skiing Women's 5/5 kilometres Pursuit,Cross Country Skiing
"Art Competitions Mixed Architecture, Unknown Event",Art Competitions
Cycling Women's Points Race,Cycling
Sailing Mixed 10 metres,Sailing
"Art Competitions Mixed Sculpturing, Medals",Art Competitions
Weightlifting Women's Middleweight,Weightlifting
"Cycling Men's Team Pursuit, 4,000 metres",Cycling
Cross Country Skiing Women's Team Sprint,Cross Country Skiing
"Art Competitions Mixed Painting, Applied Arts",Art Competitions
"Canoeing Men's Canadian Doubles, 10,000 metres",Canoeing
Swimming Women's 100 metres Backstroke,Swimming
Cycling Women's Team Sprint,Cycling
Swimming Women's 100 metres Breaststroke,Swimming
"Archery Men's Target Archery, 33 metres, Team",Archery
Freestyle Skiing Women's Aerials,Freestyle Skiing
Athletics Men's 5 mile,Athletics
Cycling Men's BMX,Cycling
"Shooting Men's Small-Bore Rifle, Standing, 50 metres",Shooting
"Fencing Men's Foil, Team",Fencing
Figure Skating Mixed Ice Dancing,Figure Skating
Athletics Men's Stone Throw,Athletics
Beach Volleyball Women's Beach Volleyball,Beach Volleyball
Weightlifting Women's Heavyweight,Weightlifting
"Wrestling Men's Lightweight, Greco-Roman",Wrestling
"Wrestling Men's Light-Heavyweight, Greco-Roman",Wrestling
"Fencing Men's Single Sticks, Individual",Fencing
"Shooting Men's Running Target, 10 metres",Shooting
Rowing Women's Double Sculls,Rowing
"Athletics Men's Discus Throw, Both Hands",Athletics
Shooting Mixed Trap,Shooting
"Canoeing Women's Kayak Fours, 500 metres",Canoeing
Sailing Mixed 18 foot,Sailing
Athletics Men's Triple Jump,Athletics
Judo Men's Open Class,Judo
"Shooting Men's Muzzle-Loading Pistol, 25 metres",Shooting
Sailing Men's Two Person Keelboat,Sailing
Swimming Men's One Mile Freestyle,Swimming
Sailing Mixed 1-2 Ton,Sailing
"Shooting Mixed Small-Bore Rifle, Prone, 50 metres",Shooting
Rowing Men's 6-Man Naval Rowing Boats,Rowing
"Canoeing Men's Kayak Singles, 10,000 metres",Canoeing
Modern Pentathlon Men's Team,Modern Pentathlon
"Canoeing Men's Canadian Singles, 10,000 metres",Canoeing
Table Tennis Men's Doubles,Table Tennis
"Athletics Men's Cross-Country, Team",Athletics
"Shooting Men's Running Target, Single And Double Shot",Shooting
Speed Skating Men's Team Pursuit (8 laps),Speed Skating
Sailing Mixed 6.5 metres,Sailing
Gymnastics Men's Horse Vault,Gymnastics
Swimming Women's 200 metres Individual Medley,Swimming
Racquets Men's Doubles,Racquets
Swimming Women's 100 metres Freestyle,Swimming
Snowboarding Women's Giant Slalom,Snowboarding
Cycling Men's Sprint,Cycling
Athletics Women's 800 metres,Athletics
Cross Country Skiing Women's 15 km Skiathlon,Cross Country Skiing
Cycling Men's 5 mile,Cycling
"Archery Men's Target Archery, 28 metres, Team",Archery
Archery Women's Double Columbia Round,Archery
"Fencing Men's Foil, Masters, Individual",Fencing
"Shooting Men's Free Rifle, 1,000 Yards",Shooting
"Shooting Men's Military Rifle, 300 metres and 600 metres, Prone, Team",Shooting
"Shooting Men's Military Revolver, 20 metres",Shooting
Sailing Mixed Multihull,Sailing
Judo Men's Extra-Lightweight,Judo
Diving Men's Plain High,Diving
Cycling Men's 100 kilometres,Cycling
"Athletics Men's Javelin Throw, Freestyle",Athletics
"Wrestling Men's Heavyweight, Freestyle",Wrestling
"Shooting Men's Military Rifle, Prone, 300 metres, Team",Shooting
Athletics Men's Shot Put,Athletics
Taekwondo Men's Featherweight,Taekwondo
Cross Country Skiing Men's Sprint,Cross Country Skiing
"Shooting Men's Free Rifle, Prone, 600 metres",Shooting
Sailing Mixed One Person Dinghy,Sailing
Boxing Men's Light-Welterweight,Boxing
Beach Volleyball Men's Beach Volleyball,Beach Volleyball
Biathlon Men's 15 kilometres Mass Start,Biathlon
Freestyle Skiing Men's Slopestyle,Freestyle Skiing
"Shooting Men's Running Target, Single Shot",Shooting
"Fencing Women's epee, Team",Fencing
Figure Skating Men's Singles,Figure Skating
Athletics Women's 4 x 400 metres Relay,Athletics
"Canoeing Men's Canadian Singles, 200 metres",Canoeing
"Wrestling Women's Featherweight, Freestyle",Wrestling
Archery Women's Individual,Archery
Swimming Men's 400 metres Breaststroke,Swimming
"Canoeing Men's Kayak Singles, 500 metres",Canoeing
Freestyle Skiing Men's Ski Cross,Freestyle Skiing
Speed Skating Men's 500 metres,Speed Skating
Cross Country Skiing Women's 15 kilometres,Cross Country Skiing
Taekwondo Men's Flyweight,Taekwondo
Cricket Men's Cricket,Cricket
"Speed Skating Women's 1,500 metres",Speed Skating
Tennis Women's Doubles,Tennis
"Shooting Men's Military Rifle, 1873-1874 Gras Model, Kneeling Or Standing, 200 metres",Shooting
Sailing Mixed Two Person Keelboat,Sailing
Polo Men's Polo,Polo
"Shooting Men's Air Rifle, 10 metres",Shooting
Gymnastics Men's Rope Climbing,Gymnastics
"Art Competitions Mixed Literature, Dramatic Works",Art Competitions
Judo Men's Lightweight,Judo
Archery Men's Double York Round,Archery
Rowing Women's Coxed Quadruple Sculls,Rowing
Boxing Men's Welterweight,Boxing
Golf Women's Individual,Golf
"Wrestling Women's Flyweight, Freestyle",Wrestling
"Archery Men's Pole Archery, Small Birds, Individual",Archery
Softball Women's Softball,Softball
Freestyle Skiing Men's Moguls,Freestyle Skiing
Cycling Men's Madison,Cycling
"Athletics Men's 1,500 metres Walk",Athletics
"Wrestling Men's Welterweight, Greco-Roman",Wrestling
Gymnastics Women's Floor Exercise,Gymnastics
Lacrosse Men's Lacrosse,Lacrosse
Judo Women's Half-Lightweight,Judo
Biathlon Men's 20 kilometres,Biathlon
"Art Competitions Mixed Painting, Paintings",Art Competitions
Short Track Speed Skating Men's 500 metres,Short Track Speed Skating
"Athletics Men's 1,600 metres Medley Relay",Athletics
Weightlifting Women's Super-Heavyweight,Weightlifting
Trampolining Women's Individual,Trampolining
Rhythmic Gymnastics Women's Individual,Rhythmic Gymnastics
"Wrestling Men's Heavyweight, Greco-Roman",Wrestling
Cross Country Skiing Women's 30 kilometres,Cross Country Skiing
Rowing Men's Coxless Fours,Rowing
Athletics Men's 200 metres Hurdles,Athletics
Swimming Men's 400 metres Freestyle,Swimming
Modern Pentathlon Men's Individual,Modern Pentathlon
Gymnastics Women's Balance Beam,Gymnastics
Athletics Men's High Jump,Athletics
Weightlifting Men's Heavyweight,Weightlifting
Alpine Skiing Women's Giant Slalom,Alpine Skiing
Athletics Women's Shot Put,Athletics
Swimming Men's 100 metres Freestyle,Swimming
Modern Pentathlon Women's Individual,Modern Pentathlon
"Equestrianism Men's Three-Day Event, Individual",Equestrianism
Athletics Women's Triple Jump,Athletics
Athletics Women's 80 metres Hurdles,Athletics
"Tennis Men's Singles, Covered Courts",Tennis
Ice Hockey Men's Ice Hockey,Ice Hockey
Biathlon Women's 4 x 7.5 kilometres Relay,Biathlon
Sailing Men's One Person Heavyweight Dinghy,Sailing
Freestyle Skiing Men's Halfpipe,Freestyle Skiing
"Art Competitions Mixed Sculpturing, Statues",Art Competitions
"Art Competitions Mixed Music, Unknown Event",Art Competitions
"Wrestling Men's Middleweight A, Greco-Roman",Wrestling
Tug-Of-War Men's Tug-Of-War,Tug-Of-War
Nordic Combined Men's Team,Nordic Combined
Archery Women's Team Round,Archery
"Archery Men's Pole Archery, Large Birds, Team",Archery
"Wrestling Men's All-Around, Greco-Roman",Wrestling
Aeronautics Mixed Aeronautics,Aeronautics
Art Competitions Mixed Painting,Art Competitions
Taekwondo Women's Featherweight,Taekwondo
Weightlifting Men's Middleweight,Weightlifting
"Art Competitions Mixed Music, Compositions For Solo Or Chorus",Art Competitions
Speed Skating Men's Allround,Speed Skating
Cycling Men's 12-Hours Race,Cycling
"Art Competitions Mixed Sculpturing, Unknown Event",Art Competitions
Volleyball Men's Volleyball,Volleyball
"Shooting Men's Dueling Pistol Au Commandement, 25 metres",Shooting
Archery Men's Team Round,Archery
Judo Men's Half-Heavyweight,Judo
"Shooting Men's Military Rifle, Prone, 300 metres",Shooting
Cycling Men's 1/4 mile,Cycling
"Art Competitions Mixed Literature, Epic Works",Art Competitions
Gymnastics Men's Parallel Bars,Gymnastics
"Art Competitions Mixed Painting, Graphic Arts",Art Competitions
"Rowing Men's Coxed Fours, Inriggers",Rowing
Weightlifting Men's Light-Heavyweight,Weightlifting
Athletics Men's Discus Throw,Athletics
Weightlifting Women's Light-Heavyweight,Weightlifting
Alpine Skiing Men's Giant Slalom,Alpine Skiing
Judo Women's Half-Middleweight,Judo
Ice Hockey Women's Ice Hockey,Ice Hockey
Swimming Women's 100 metres Butterfly,Swimming
Football Women's Football,Football
Cycling Women's Individual Time Trial,Cycling
"Shooting Men's Military Rifle, Standing, 300 metres",Shooting
Swimming Men's 440 Yard Breaststroke,Swimming
"Wrestling Men's Flyweight, Greco-Roman",Wrestling
Curling Women's Curling,Curling
"Canoeing Men's Kayak Fours, 1,000 metres",Canoeing
Hockey Women's Hockey,Hockey
Swimming Men's 880 yard Freestyle,Swimming
"Athletics Men's 2,500 metres Steeplechase",Athletics
"Fencing Women's Sabre, Individual",Fencing
Tennis Men's Singles,Tennis
Alpine Skiing Men's Combined,Alpine Skiing
Athletics Men's 110 metres Hurdles,Athletics
Sailing Mixed 40 metres,Sailing
Diving Men's Synchronized Springboard,Diving
"Ski Jumping Women's Normal Hill, Individual",Ski Jumping
Cycling Men's Team Sprint,Cycling
"Wrestling Men's Middleweight B, Greco-Roman",Wrestling
Athletics Women's 10 kilometres Walk,Athletics
Snowboarding Women's Slopestyle,Snowboarding
Swimming Men's 100 yard Freestyle,Swimming
Swimming Men's 100 metres Freestyle For Sailors,Swimming
"Shooting Men's Trap, Double Shot, 14 metres",Shooting
"Ski Jumping Men's Normal Hill, Individual",Ski Jumping
Tennis Mixed Doubles,Tennis
"Shooting Men's Free Rifle, Prone, 300 metres",Shooting
Cross Country Skiing Men's 50 kilometres,Cross Country Skiing
"Archery Men's Au Chapelet, 50 metres",Archery
"Cycling Women's Road Race, Individual",Cycling
"Shooting Men's Free Pistol, 50 yards",Shooting
Swimming Men's 4 x 100 metres Medley Relay,Swimming
Cycling Men's Individual Time Trial,Cycling
Sailing Men's Two Person Dinghy,Sailing
"Weightlifting Men's Unlimited, One Hand",Weightlifting
Cross Country Skiing Men's 15 kilometres,Cross Country Skiing
Basketball Men's Basketball,Basketball
"Equestrianism Men's Dressage, Team",Equestrianism
"Shooting Men's Free Pistol, 50 metres, Team",Shooting
Equestrianism Mixed Four-In-Hand Competition,Equestrianism
Alpine Skiing Men's Super G,Alpine Skiing
"Speed Skating Men's 5,000 metres",Speed Skating
Athletics Women's Hammer Throw,Athletics
Athletics Women's High Jump,Athletics
"Short Track Speed Skating Men's 1,500 metres",Short Track Speed Skating
"Shooting Women's Small-Bore Rifle, Three Positions, 50 metres",Shooting
"Cycling Men's 5,000 metres",Cycling
Swimming Men's 200 metres Team Swimming,Swimming
"Shooting Men's Military Rifle, 200 metres",Shooting
Athletics Men's Standing Triple Jump,Athletics
Table Tennis Men's Singles,Table Tennis
Boxing Men's Light-Heavyweight,Boxing
Sailing Mixed 10-20 Ton,Sailing
Cycling Men's 25 kilometres,Cycling
"Shooting Men's Small-Bore Rifle, Prone, 50 metres",Shooting
Cycling Men's Keirin,Cycling
Cross Country Skiing Men's 18 kilometres,Cross Country Skiing
"Canoeing Women's Kayak Singles, 500 metres",Canoeing
Cycling Women's Team Pursuit,Cycling
"Tennis Men's Doubles, Covered Courts",Tennis
"Shooting Men's Dueling Pistol, 30 metres",Shooting
Athletics Men's 10 kilometres Walk,Athletics
Diving Women's Synchronized Springboard,Diving
Judo Women's Half-Heavyweight,Judo